0,1,2,3,4,5,6
-11.1823730673647,-2.502705488520406,-3.677387032375976,-3.3990209665286466,-4.0122162233624845,-12.24921105386262,-1.9429018938508358
-10.107233216101978,-2.526743178468291,-3.781202016534872,-3.7217797781834903,-4.366227372620926,-10.608272893274522,-2.0079731003031878
-9.078464939910159,-2.489330706183471,-3.7251213502498723,-3.563086617687234,-4.202239049710229,-12.032599418580508,-1.9605450130867816
-11.008401338034695,-2.4941446036263217,-3.920068575498761,-3.6459594859081976,-4.50591408906512,-5.721619845500614,-2.1353823267722327
-9.51584594515903,-2.4795204891669096,-3.7423582722310202,-3.4481821806241704,-4.3294208467676105,-6.238828566529192,-2.0559423508713195
-10.964847696788425,-2.584838128575659,-3.7762262730830765,-3.5567324482334053,-3.8117240965441153,-2.845928783070587,-2.0985664741075323
-10.445980178029913,-2.5013661302908994,-3.6887978825715177,-3.3956371076934153,-4.085583767896875,-17.87562093099038,-1.7884830894849988
-8.749701868973844,-2.479125121186841,-3.718353753858886,-3.407518389484149,-4.996834318784776,-8.257741175573667,-1.9330188440320009
-9.637152384566857,-2.4590534058736813,-3.850089786517439,-3.528841500313903,-4.538492299438276,-9.577526411317494,-1.9209653202302237
-8.998416307960778,-2.470576724957515,-3.8139837055423262,-3.4489260966123783,-4.591139661128495,-8.362562686311373,-2.1171046294752927
-10.77657253699704,-2.502661545016412,-3.7209621252074943,-3.461713844321536,-4.119134025157511,-17.145708583521866,-1.843794857997135
-10.236253684312237,-2.5946866507426667,-3.739094481763775,-3.9062467936860026,-4.61436275184967,-6.8968293872498245,-2.0269680530430954
-10.91650680628441,-2.5552770966352605,-3.920548577776225,-3.632174705486247,-4.556423221573024,-9.951176476527301,-1.938110544171828
-9.016598513178804,-2.4706622026124947,-3.7733897120788886,-3.4434540813864096,-4.118286868101613,-4.630960413685104,-1.7272738864171095
-11.10518902341737,-2.495523843229261,-3.768599700351806,-3.684710372789051,-4.574959229296841,-15.231359975101643,-1.9340888315917883
-11.09864136204695,-2.505437828579431,-3.6460617211561046,-3.3114633653020658,-4.250778799050057,-7.435788453763882,-1.964020122901709
-9.367841930803923,-2.5303330555995434,-3.836694009879447,-3.3798422092010583,-4.805900543611976,-10.20439362384298,-1.8150331367423038
-8.62509700257619,-2.4687632768605434,-3.6180039941361475,-3.27724930597849,-4.441792206286502,-8.590015227841416,-2.084080669034612
-9.921533321750307,-2.493906018095849,-3.665993232051875,-3.3437103718364325,-4.410759291045401,-15.497185468791537,-1.9689485988147686
-11.14340596647552,-2.4295557925971103,-3.9161455279346,-3.7662157382129,-4.065535663954649,-8.205684134636144,-1.9145019511490016
-11.27062212346134,-2.4370662276140473,-3.6417180057735212,-3.5618272939387907,-4.160408416821657,-7.783426270062839,-1.7897410246206475
-8.885742236197697,-2.50309611203126,-3.9115455934551284,-3.4690454399365294,-4.313719752857617,-9.013966579687873,-2.028668104452285
-10.250876717761491,-2.549284711347875,-3.756166982006848,-3.5935382665037565,-4.165651089265024,-9.775429591493754,-1.7292080601039546
-8.925519371611303,-2.484581975515164,-3.8830093105024783,-3.630481451528752,-4.4392462131653705,-8.929281065592743,-2.0413681766457525
-9.574716250862554,-2.4817267413188002,-3.7758811801071586,-3.0603529449078914,-4.187919372909868,-9.969840776675415,-1.9418154969343577
-10.695450454241959,-2.479328309646258,-3.8170593516275453,-3.798343075568839,-4.10812059167907,-13.31117804433098,-1.927717635605957
-10.34266801090455,-2.4721252968417318,-3.7822066099570746,-3.5242407270200196,-4.445063842184574,-6.296381372188705,-1.9820392683680534
-8.237217501798696,-2.548888907295276,-3.7736361972264287,-3.4239573334196116,-4.716679155661801,-5.785652430242713,-1.9848276983391402
-9.16529758109477,-2.514102565642701,-3.7093361874668083,-3.402651743093238,-4.297999897013347,-11.815480489323988,-2.01775478789079
-9.72579834316251,-2.5356659810067255,-3.8038849154816043,-3.6016168996697346,-4.2299577773826,-9.111733702816348,-1.9047769641317513
-9.331432800384341,-2.4011519110099053,-3.6510236505900244,-3.5688017169738098,-4.739312849572508,-9.098822534796716,-2.0517683289838446
-9.78638263820822,-2.5827268572230344,-3.7608693266779953,-3.3793868473822486,-4.265331947628287,-5.998136673397617,-2.143904994560347
-8.556813533874426,-2.559236760961842,-3.685039752951953,-3.1650662369338485,-4.574583209620076,-9.085910825638068,-2.2377558417704204
-8.619020709125213,-2.549263877167144,-3.795703302554884,-3.139324409501496,-4.250054461874811,-10.741398675845783,-2.0266321997686556
-9.940824614497519,-2.514077263459059,-3.5157335358309147,-3.580676566584371,-4.3296909701357755,-14.311447867353976,-2.0419465969785935
-10.105522835064967,-2.5260528401735867,-3.834520173389558,-3.651700042488948,-4.192435214308807,-8.870895511584582,-2.0769084433436102
-9.849697902179244,-2.459897858635374,-3.7076258753805207,-3.52042955950297,-4.1434725033914885,-12.89963885592947,-1.9631262616499896
-10.773178104973985,-2.4806735253701557,-3.857494464304824,-3.5238692524266235,-4.434519829176058,-7.0501926420193834,-1.6948215319568063
-10.439727432396134,-2.517266093819755,-3.7823093221871673,-3.6606716414054152,-4.45187097172405,-11.137931699453311,-1.8180414847965312
-10.29237450452737,-2.4256727644543163,-3.799220140562224,-3.4096539954603333,-4.468572464242249,-12.41552719263164,-1.9765845527113841
-10.05168892069311,-2.572319159210842,-3.7976422845511446,-3.488538013280031,-4.579398608511967,-17.317433449102488,-2.0396939567569716
-8.523818322302613,-2.4705857024005935,-3.8393822796768946,-3.4111716543365853,-4.819262806549748,-8.39516813419547,-2.0014572261592742
-10.113259397933811,-2.449134358974204,-3.647729086060166,-3.1910465872173517,-4.416486901061889,-12.248816664627617,-1.9177334999328515
-10.415204348591564,-2.5430929070641284,-3.6821996388881724,-3.558382618881552,-4.159400374562602,-7.488789302612849,-2.066237888798376
-8.955734280217744,-2.487969938050963,-3.7937271471676732,-3.426799158853932,-4.48339012944188,-13.231032590138213,-1.8014510731625115
-9.095856054957949,-2.443169713800472,-3.870270231435741,-3.5727317680580204,-4.5151137974768005,-9.878498713005412,-1.7816439246061302
-9.26752175766223,-2.4937275381620476,-3.496496176136204,-3.389415342232193,-4.078065060549867,-3.967899163288731,-2.0447098637238605
-10.982709521850751,-2.49566432497619,-3.8482873087203227,-3.687433717423773,-4.339956764186498,-7.725601719111799,-2.053668470074567
-11.259378686092024,-2.507580540896443,-3.769333352104261,-3.4080829287411456,-4.53658266180137,-8.209657500600317,-2.019132534280664
-10.171071682330851,-2.5027348007636068,-3.7210049127438767,-3.410978919619625,-3.751577868521549,-9.061253295660226,-2.109231979756772
-10.376588926632108,-2.599222864214336,-3.7689539488590533,-3.5132876784608706,-4.883704313545337,-8.612028241302035,-1.934860697816883
-11.763759960814157,-2.4693966895193205,-3.7002754850112747,-3.652694243686631,-4.747852320677042,-2.831951231692984,-2.025684800292287
-11.120371788159117,-2.492475590691109,-3.9499519543564485,-3.769280982447286,-4.398022810770458,-7.569335502426873,-2.216374072756298
-10.846556496626205,-2.5817256263579447,-3.9668230655033874,-3.4327342012669404,-3.9464000928374268,-9.094432771149908,-1.9262992461156698
-10.496908455672969,-2.5035294195060955,-3.8647691301460902,-3.4262012750152735,-4.238632263384442,-7.974013800797419,-2.098789528894765
-10.951474161345331,-2.510055685169179,-3.7993483984858,-3.663235544634985,-4.2026918206427375,-8.929109193130657,-2.024342407401858
-9.82197966860115,-2.5212167322621104,-3.7599725597582903,-3.5049478112864945,-4.622839174903424,-8.328452134750178,-2.074717350300436
-11.808709740245739,-2.531140249927295,-3.737106522705985,-3.6089720020243323,-3.912497024415764,-11.439299533315676,-1.9880290841274697
-12.203692995835322,-2.5120450565099874,-3.7905178744690886,-3.5146280510619317,-4.188727111803532,-9.971625752169128,-1.9984863019902042
-9.123676741501416,-2.6110409171602313,-3.8593145670309346,-3.4491496545582603,-5.158791774464989,-9.484014989248754,-1.9706935185161472
-9.496146585888047,-2.4914401879076697,-3.8248707454189104,-3.5377605756181767,-4.196412122045912,-7.398208837245862,-2.019131524824604
-10.329501021197734,-2.5239569749798343,-3.6979215239049563,-3.5964246424141733,-4.185459803199459,-23.747897475590626,-1.936725235617068
-10.027222247712203,-2.5340620768610704,-3.76349992986471,-3.6480409708632022,-4.494144291937719,-10.735773302213921,-1.903969677377384
-9.93562715130188,-2.54178633236061,-3.685946651134099,-3.599788594880379,-4.776260797990913,-9.308763185214772,-2.205330211964041
-10.306050494587366,-2.5582821100753455,-3.856930025332368,-3.4988792620304943,-3.8160859790122243,-6.735323965307741,-2.2429520472304105
-9.991928048252442,-2.4206761337935054,-3.630228400304582,-3.5559417409171417,-3.6628390555436985,-8.491488432628616,-1.8771706989455628
-10.792275563346035,-2.472277771011531,-3.770362248723957,-3.6533080310310906,-4.2382769527972375,-11.755907660779474,-1.7987096132389149
-10.369736616563744,-2.4194888767434097,-3.6339669975543964,-3.4758399794442782,-4.665706371190769,-22.880740935215734,-1.9850846764947772
-10.550855334600154,-2.524133604487419,-3.7814663721929795,-3.3610935796872248,-3.911217950652813,-7.926463467162494,-1.9449921923087055
-10.057750279449703,-2.4937061061194745,-3.9061380360418303,-3.459719386421771,-4.092710576669367,-6.420008786457968,-1.9464156206993626
-7.275240355728943,-2.480615496850188,-3.5879721443251698,-3.5316663486006807,-4.777045171713345,-9.075731932679508,-1.9343306730700913
-9.267449035492344,-2.5277013112346594,-3.7152455757221006,-3.4579617456813474,-4.3155676664807245,-9.705166640634975,-1.8440150225091734
-8.150297080703158,-2.4992609518019164,-3.7409231053344145,-3.4542658650279408,-4.230690549392632,-13.465876836892008,-1.9660916222424016
-9.062415967344238,-2.4777805686141288,-3.593674695731978,-3.5946264458438186,-3.89035640162509,-8.056181340815904,-2.0430445276781346
-10.259226871769991,-2.425796531210261,-3.731991390032978,-3.4830652865845884,-3.995057329083167,-8.321682639212554,-2.0136504030600006
-10.856902622436419,-2.4988529364288,-3.7450247944891886,-3.433656683047931,-4.466473957905707,-14.373879934964354,-1.8040107572616026
-9.792138190319415,-2.537634926695078,-3.904350259760011,-3.175391730567283,-4.342273716739889,-4.645962633543099,-2.0171727634017573
-8.008912190778268,-2.4401138964349904,-3.9657348283539795,-3.430443996422167,-4.542322621551759,-8.046732613378634,-2.06382028088544
-9.151872598298922,-2.4701747864664743,-3.9901650841417986,-3.530683148207525,-5.263470898580408,-10.67672728987026,-1.993037987089833
-12.080712736642475,-2.501907714139684,-3.7139315522702567,-3.4796907655903166,-4.36438855236592,-11.43660078186651,-1.993652568940243
-9.877421081767242,-2.446952072126296,-3.647343904730188,-3.5646830610653577,-5.017265415727049,-12.30687521869899,-1.8333188931968771
-10.283862510133963,-2.431666120366293,-3.7801767641289477,-3.4841264096894613,-4.622012029667696,-14.062488754016124,-1.8824667742086918
-10.153414129037962,-2.4103657422908307,-3.816373108083262,-3.685574435349231,-4.341288234430637,-7.641239112136089,-1.978210692678148
-9.864093390650023,-2.4669241300592657,-3.912272292097663,-3.505209184829728,-4.495203346864386,-12.316514549953421,-2.022840191688379
-10.7336962035493,-2.4751573795892616,-3.868202256590722,-3.4961501804869095,-4.582076619373824,-6.573732650659034,-2.0330356729954415
-9.461468354595832,-2.501956911850227,-3.8989424926605154,-3.5251701040817074,-4.703058615023965,-6.9848081353264355,-2.0266532050641857
-8.962363809544764,-2.4351292347716367,-3.72381150238279,-3.3368315654074117,-4.124049221726504,-10.282791456176575,-2.120660164104242
-9.916696732226276,-2.4944985388639,-3.7263399679107683,-3.4798227375563577,-4.6114337860359695,-10.040522687521756,-2.121613587184025
-10.256007697891565,-2.501828827762173,-3.737724315527914,-3.5702136813244247,-4.430997916053119,-7.060104898117023,-1.918675475697028
-10.134965974267216,-2.719586042024636,-3.904396880004958,-3.5371124697120324,-4.016081514558536,-7.332349801594136,-2.0693642985258895
-10.949088057851966,-2.4417634381263946,-3.655548094198955,-3.545097305044805,-4.857496694284373,-15.251371815217158,-1.7053228011648423
-9.295168490597856,-2.413782907926593,-3.571162677052335,-3.546387001667477,-4.358568038180476,-9.142033768696049,-1.894790905045657
-9.049710464582482,-2.5667122723783415,-3.871672689929902,-3.448341500081507,-4.299024467063526,-10.75081646830327,-2.0178778023219133
-10.469497293678215,-2.4355269222028735,-3.7414604533474822,-3.404710490766152,-4.1681457858198705,-5.192701644251908,-2.0498760963839704
-10.013433892786427,-2.5105548037122722,-3.6891695331916075,-3.5706834125751454,-4.310061244520278,-9.336323615826323,-1.9713084116336381
-9.364842475574765,-2.477719372737001,-3.8483475375184613,-3.5432568420791872,-4.843248398490497,-10.291112869123747,-1.902190893554857
-9.228871611194267,-2.467616657087263,-3.7505030300907474,-3.5055145811456114,-4.495173742281473,-11.240845872876356,-2.047767360100081
-10.622730502814353,-2.4905917504358595,-3.9217462636677474,-3.746776627867543,-4.033860203835692,-9.583658759193119,-1.8329940369802027
-9.207944253439111,-2.545907014112717,-3.9481944413506875,-3.5006126960200543,-4.161633361016753,-8.942375582036657,-2.0657147299313263
-8.824722404553679,-2.4832707306033646,-3.7654806103613963,-3.5271104985525237,-4.3453342797132875,-7.7787207130941045,-1.7258505339460195
-9.396570801724824,-2.5063198392726855,-3.7368898738996426,-3.5666630205866667,-5.066467450486856,-6.2027135056786245,-1.877202822853691
-10.554537457615583,-2.4691501006529832,-3.759598879403576,-3.591066293478507,-5.795397776672845,-11.35321199114724,-2.068689851023892
-10.02617096294151,-2.5292525752664434,-3.848960477511868,-3.069540975563281,-4.308708464041721,-6.432241672527907,-2.213758937499245
-9.211470118502017,-2.3880082297142193,-4.052123835386247,-3.3976817008282083,-4.260818616002358,-11.103344767716194,-2.0547473472662503
-8.591103871297477,-2.4568314638668705,-3.642693536429732,-3.3390296056623363,-4.649710456504117,-10.342419518827588,-2.059304961335247
-9.563921817013902,-2.4822720649560828,-3.6572284595282176,-3.5239555963357656,-4.355864584081931,-9.28475294636847,-1.976091662728547
-8.03473314925926,-2.43919718190302,-3.5529850327057213,-3.5653557781207796,-4.5562869941597155,-10.49398281055794,-2.1375827060429224
-7.989774527192748,-2.445114479546328,-3.7245882722344104,-3.492743824725716,-4.513800654440622,-8.587618644061207,-2.1028876401246785
-8.188562796516374,-2.483137020726835,-3.8158394184352895,-3.350994403058272,-4.8993885784495514,-8.316627740093626,-1.9663626810211308
-10.326918468336757,-2.4023896340469313,-3.6782146566267895,-3.7060713192796686,-4.036452582852856,-13.68479803530228,-1.719134768370328
-10.326626675789122,-2.427398052182893,-3.9376616102403013,-3.6080713459617484,-4.553431803891819,-7.869402614175037,-2.0611672329157065
-11.907103318491039,-2.5184044901420117,-3.840286152932029,-3.3625970044145346,-4.133131117559719,-8.829736643544877,-1.9701124253072249
-10.19844705606734,-2.478456687842212,-3.6419152094770832,-3.6470019974750914,-4.253330544868383,-6.815415672642659,-2.0211465483123066
-10.890206715007988,-2.527861953474101,-3.8595804491621406,-3.751683083073244,-4.9481153677610745,-10.000804174673805,-1.8165132407755717
-8.171916346301582,-2.4452585053013287,-3.9911966962887266,-3.369258978255268,-4.629482676144383,-8.225756114607293,-2.01709815439368
-9.372301874143918,-2.432053657886144,-3.6488463133983315,-3.6313728834727046,-4.035955816669926,-11.0054512906223,-1.9907769057721239
-10.215092218016556,-2.49624931636237,-3.8991156329238725,-3.349153191723972,-4.0198639121297965,-11.567252280000314,-1.9959056056821283
-11.239329954842578,-2.529746362775929,-3.9020177233921904,-3.492031511499897,-4.1110365879720945,-8.75319903955043,-1.9927539241063403
-11.236183451529929,-2.50103863016398,-3.8228995823467313,-3.7267570340235965,-4.50905097574638,-15.31992527017206,-1.521515514937262
-9.68499386806532,-2.4939501462439404,-3.529125436538118,-3.519379803723219,-3.9671125754202676,-7.605044971751426,-1.89303162087829
-9.245687399862739,-2.480798861344325,-3.96277859399812,-3.511671300473788,-4.926447817568464,-6.849679009523728,-1.9717419238188538
-12.03488228888925,-2.5529921552420975,-3.7410570273333885,-3.660782985435051,-4.470924938448402,-6.65687559315853,-2.169800198244446
-10.732889114387916,-2.4843119956982793,-3.6517870026579278,-3.325866851382964,-4.202743863768681,-8.743687518763615,-2.0456944778573494
-9.969174337636373,-2.456165403883681,-3.815105999162457,-3.61140132015469,-4.392606346194122,-8.513117954339412,-1.8713846268299423
-10.071030680483943,-2.5174049958397813,-3.7239036850656753,-3.4300488038679555,-4.472335114740302,-12.023333146716741,-2.0534907199043384
-8.712634527609866,-2.4551130363604474,-3.812735239293455,-3.598439017033193,-4.207641964064636,-11.243897749210229,-2.076264845759317
-10.086551835013246,-2.510031444274759,-3.729449130200542,-3.3551673716801993,-3.9783756368437766,-6.058780296463395,-2.3496697863939238
-10.409890717927443,-2.584825966947061,-3.9884572539809438,-3.76911816917374,-4.400615457236385,-14.669636568066778,-1.7044307626950683
-11.535244991514517,-2.6078714309889426,-3.9122749080212254,-3.571529997719179,-5.208460627933398,-7.003566425067466,-1.8400742336505018
-10.1998337133666,-2.52643164896854,-3.8420633399749127,-3.3949557660050544,-4.229899899487142,-9.15472435264262,-2.1627824243543543
-11.188903353858029,-2.570615558905943,-3.8393359901257345,-3.352681785972897,-4.349170275527976,-8.024709134089273,-2.0322449886581677
-11.19198131743508,-2.4845817421461884,-3.894418141441779,-3.4607895023777457,-4.055768553102267,-10.266972715780298,-1.9076008787413976
-10.97354656964469,-2.423172283574586,-3.818590930923132,-3.3543426133058762,-3.795339544979428,-7.908334631232903,-2.0246898680276124
-10.545708310136018,-2.5005545477729294,-3.7855097042945984,-3.433523072017019,-4.826751539580569,-15.437800602439046,-2.1248111767086693
-9.405428685651877,-2.492874319752718,-3.7937683571496312,-3.5579686173384957,-4.935201260653626,-9.883854711267793,-1.65302068066455
-10.431548265361611,-2.433214355445328,-3.6859042317723514,-3.358893517329058,-4.4514680371388415,-11.83228880866583,-1.8392539757614748
-10.200882945931305,-2.4545285616423254,-3.9384798670676986,-3.616089180662411,-4.2748792728863085,-7.255728187664584,-2.085140863269022
-9.341333837923624,-2.5597838438266245,-3.717367766573721,-3.392337462678883,-4.991258392688195,-8.777729111355065,-1.8096398688241546
-9.773906497468124,-2.4184959370460484,-3.6068597231065933,-3.646428539843835,-4.541360535528129,-10.125664481752459,-2.236637932666124
-9.007793896863046,-2.5241977040552976,-3.7861918447813103,-3.716044934448969,-4.28847607704394,-9.329194979879192,-1.7503098412354827
-9.482814763402015,-2.603175254871859,-3.695042481095003,-3.5216092859297943,-4.865157973597387,-7.218245704841129,-1.9328123058292854
-9.626023797722796,-2.4215274656650188,-3.809493521190475,-3.546465442806096,-4.057510561912299,-9.003356822770819,-2.042639625815858
-10.264026155679804,-2.471447112514509,-3.570695749752104,-3.522601342105836,-4.504519960924577,-10.735049718447582,-1.9443996027526254
-11.391618348653726,-2.4855628958858738,-3.9112108093824474,-3.7224057620545397,-4.341695747711806,-9.344056042533362,-2.0365972146624056
-11.489272195675412,-2.532109806284428,-3.866795083586995,-3.560504170713771,-4.238511301589092,-9.547263677860496,-2.00456789142368
-10.308074004592193,-2.5039404878964153,-3.816695574407583,-3.729686705830344,-4.180281919443076,-6.189803992116761,-2.143870441866972
-9.588703610449258,-2.50597567415066,-3.7146673250353732,-3.460928812830591,-4.612301259190957,-8.375160471730593,-2.041380933841224
-9.376927263324873,-2.459477518301552,-3.7813325575571604,-3.52543971061318,-4.535001310036131,-6.168770761663245,-2.0835794949264725
-9.525942052632068,-2.500169312456471,-3.974104218212403,-3.4879048157107517,-4.31812599273736,-6.66192136957978,-2.0505774109132626
-7.751364903978508,-2.5104535748263244,-3.8663881206917226,-3.4803898419362396,-4.820180297549015,-8.089477649138287,-2.046835319736897
-10.328480056349742,-2.4147759389891346,-3.6773014348325974,-3.6109089093676388,-4.224201315361855,-12.807526642429405,-2.025107233227436
-11.14208211788937,-2.5134904383113588,-3.7784374322972094,-3.5236654796753895,-4.079674106558715,-19.927943611374467,-1.951307903902189
-11.54746189927933,-2.4916045517367733,-3.6404133049112395,-3.4172206038995565,-4.522782124471328,-6.940518478852271,-2.048286781368074
-9.38884723482356,-2.500838074054674,-3.738567006752464,-3.3791712903118385,-4.088774093801153,-7.184783627164565,-2.089728170408409
-10.075180253091627,-2.5205597547865706,-3.6122427647040123,-3.513770434162237,-4.3641862583475906,-9.81934757273081,-1.9434324786988104
-9.308532251264692,-2.4813462690387755,-3.830771798086342,-3.496671853831462,-4.7489700852065315,-7.880045918767202,-2.106166019370352
-10.132111259505926,-2.454071280462337,-3.8855865755434875,-3.5283078652375077,-4.535838874945037,-9.242352087542267,-2.0762153612103216
-9.95301948047971,-2.520571651497548,-3.7559294518863027,-3.559077467299539,-4.880576903082743,-8.528594031348144,-2.1349067574235217
-8.740194146260347,-2.5995415502086274,-3.809853705360172,-3.620370601555852,-3.9077126349115554,-12.95008852591899,-1.5923110580711732
-9.927974629877134,-2.552626057678583,-3.66702565891172,-3.427856231500985,-4.4318348298673005,-9.62734173823048,-1.9123393990419304
-9.641102819903217,-2.5331716619939684,-3.664582618483946,-3.691689297951638,-5.118726309587341,-13.24762912841344,-1.7978952245655297
-10.867980393104304,-2.5545906589001683,-3.7315727978842994,-3.417982318846007,-4.336456540329382,-13.433306514323323,-2.099968457630707
-10.671608448679113,-2.5075483257469315,-3.702530326186373,-3.627164305669427,-4.467857802515201,-12.873651663295174,-1.9638722941495723
-9.913282705812744,-2.4564164027408855,-3.8740865840899437,-3.5374767742006386,-4.525975432942352,-8.160875980626512,-1.995865307647252
-10.24758828866743,-2.4443663056890967,-3.717566265180775,-3.273147457934876,-4.243717224715388,-17.721220893961224,-1.7777640511853459
-9.719062670008007,-2.520221293398331,-3.8293384805616895,-3.5778976781731044,-4.423334365718475,-14.996262604537275,-2.049522042707442
-9.47838220914356,-2.49220186257687,-3.740551374545404,-3.51349988611104,-4.302375432617433,-9.4495113443926,-1.8950377042040736
-10.764866268334082,-2.4688707293222967,-3.851153920209307,-3.5012300466603565,-4.300147039938033,-7.46976902868927,-1.9826149528181087
-9.69227278773759,-2.4091502569668517,-3.878095351871134,-3.342561008014794,-4.365593332985965,-9.545811815380649,-1.938211378207757
-10.245880037827055,-2.4450797701610143,-3.7359318766759895,-3.415503381144999,-4.358852904344566,-6.328988865258687,-1.8375193694272953
-8.096679856213644,-2.4843586934969464,-3.616959735568477,-3.4255533404044844,-4.215743761619134,-10.90349678581978,-1.7826347578604218
-9.677351621480515,-2.563003081847643,-3.8674996345403323,-3.4980095385097423,-3.8590065597486096,-7.72343067471751,-2.0721404734898226
-9.758771632074332,-2.51460450282413,-3.882233931063678,-3.6299930668069322,-4.677565106821113,-5.821226267498693,-1.9300093772258866
-9.808594760651538,-2.5507920401213307,-3.781878110819477,-3.3821942997643024,-4.383807774320429,-11.913587717077627,-1.872860568646228
-8.525610329668439,-2.4284524378893932,-3.7438394215367508,-3.689344271677489,-4.603221871099691,-6.811184062858433,-1.9553857504586578
-9.320088815065006,-2.588918492243457,-3.6738474714499088,-3.5401261437350815,-4.400812217804325,-11.242540745509155,-1.7501574060911866
-10.192467113837639,-2.5003772879048176,-3.899229683575099,-3.438715656257849,-3.9363614340508697,-6.558671864170535,-1.9259321392175348
-8.860709892892444,-2.4661054745217754,-3.8772719047254522,-3.320904336668323,-3.9463950693945837,-8.63036636103805,-1.9809573904168802
-10.668936021685793,-2.474636645476799,-3.621712745365889,-3.652783570843846,-4.546652494016953,-6.792389595889911,-2.25213513805044
-8.495661439479479,-2.4131943472699398,-3.89987345290697,-3.4015279576254107,-4.282936338701402,-12.109651332602628,-1.9066908256530342
-10.348844935119278,-2.4893854669918927,-3.8946289529469347,-3.4230185895632417,-4.637397818075877,-10.540372399005623,-1.9014310123023679
-10.59112137400354,-2.4776558831708697,-3.56949777168638,-3.404750037282876,-4.117770892930869,-5.537166174231741,-2.103368501794896
-8.53688883385602,-2.5489968799810074,-3.9097442570347347,-3.217701910175703,-4.379442132620271,-6.553538352412174,-1.8553647238110638
-10.163937405063246,-2.4921073596400567,-3.7900228160034577,-3.661808237357794,-4.884411753467926,-4.816644531341594,-2.103166576247461
-9.613467687823226,-2.479635513563839,-3.7873786700480956,-3.5150978733150557,-4.548077500403096,-20.342438627672802,-2.008781596461707
-9.150957286674846,-2.533122300732422,-3.6569086813211493,-3.587557546883472,-4.581121034509498,-8.660232949632515,-1.798667890510989
-11.379265021325647,-2.554047998830257,-3.7144228648487503,-3.4628068286934255,-3.7118710637712913,-14.05536447194787,-1.8727770682836913
-9.013804238734348,-2.6141235117843493,-3.8365902971741037,-3.4965993542147986,-4.2320837212365365,-8.97956354416992,-1.9671589557127473
-9.360800500500542,-2.524262424288422,-3.6953679266905146,-3.481907372572392,-3.9766019446219936,-7.249314557353746,-1.9662588938241852
-12.524926758138822,-2.5590717932317775,-3.8768671165014594,-3.6185906191707646,-4.263349447774397,-6.592392553869969,-1.8647767562775934
-10.100004125624928,-2.5183768570444522,-3.703356214872519,-3.459495538836824,-4.140402419700495,-7.887018280196042,-1.990528058039556
-9.709354818832843,-2.500520811723783,-3.692863439664724,-3.6507156282049547,-4.20974997955709,-7.735927535720663,-2.008471095792146
-9.66542230884247,-2.5538541271931554,-3.7969575681367367,-3.5732181857094205,-4.512401281191457,-10.593214603031226,-1.7885499076151903
-9.114000646448478,-2.487096324855327,-3.7780090413996437,-3.4758882232818764,-3.9213490657089487,-9.248793686827227,-1.9515946676571834
-8.924023863812739,-2.53160051006427,-3.8381313357867044,-3.411592412925864,-3.9390978647696935,-8.040252478930025,-1.8244361073385036
-10.405545237981809,-2.4994650956000886,-3.7575779260800157,-3.581287861587651,-4.816592167862587,-6.922932212489835,-2.2266079621929284
-9.850041964897178,-2.5260166145566165,-3.7840168752021475,-3.4022318164847904,-4.53401051685136,-10.008620242807265,-2.121775222189024
-9.161625785683198,-2.4934294811661015,-3.6519734721387396,-3.689451752507167,-4.597665043949185,-6.394115747764692,-1.8663307580802213
-9.5480192101478,-2.432555646080994,-3.5683916712215886,-3.504429153115091,-4.124351528008524,-9.633545096498459,-1.92976488459853
-10.40946923452975,-2.5212098198764052,-3.769530959130438,-3.4151947987590034,-4.106813726186801,-8.147241269579682,-1.8170303044218405
-10.332798068019539,-2.5128875113667726,-3.6709487052028438,-3.804750687291114,-5.086435563412229,-9.273931812531012,-2.133009540030087
-9.098540705132677,-2.5135053549413384,-3.5829147835468866,-3.4894524052648723,-4.334273838378792,-8.096887415482492,-2.0873552957279724
-11.331745350007012,-2.4772329102836483,-3.749392496689078,-3.45521119601844,-3.9959328668326535,-18.711660930779978,-1.7146045017283569
-10.199228714123004,-2.5374951217568786,-3.861165201180748,-3.439353285655179,-4.222263624206839,-12.479256615995888,-1.8905588041644856
-9.646320662367053,-2.530380815957884,-3.8860431554837342,-3.4331590664173954,-4.534863555049903,-9.076757117861684,-1.959277487698392
-10.8050463153295,-2.520314103934007,-3.687388935470674,-3.495699153300106,-4.479142651573495,-12.774917482770167,-1.9596425787901108
-9.164787764659646,-2.4351275555520604,-3.739468083258923,-3.5727802038835375,-4.470123250242786,-6.665505407860895,-2.05794751019487
-9.65113338089515,-2.4814727104591086,-3.7259554150351115,-3.507920217299046,-4.10877822099857,-7.014719752690331,-2.069477514891169
-10.407349091382695,-2.5417734990765792,-3.737410748418293,-3.3212924165324558,-3.888934217828882,-9.188068335837956,-2.0324848138684137
-9.114741423202688,-2.460229300560094,-3.710550893075726,-3.4062384145252658,-3.6797709071920424,-4.857902507550471,-1.884495729834999
-9.008955553102732,-2.4878706702452758,-3.805723410850926,-2.950395663880572,-4.842602849038281,-7.112260369426427,-2.0617840790201023
-9.845174596645759,-2.524037897244205,-3.7761644785204282,-3.4223685249861795,-3.999396134349965,-12.039448342893484,-1.9407554563797498
-8.313513208879083,-2.5355057104804963,-3.8637858510443053,-3.30957993422508,-4.377804120208284,-10.972706938481608,-1.9617296745688821
-9.627958307280231,-2.4662669857324806,-3.5480286357088513,-3.82738341399281,-4.671604197771821,-7.718304761294423,-1.8580094193851158
-8.974424699898917,-2.5209299680208694,-3.797316057017782,-3.34890844014387,-4.336448249324433,-13.107290994943993,-2.043372463260031
-9.802600592030476,-2.53006550692459,-3.875243188311101,-3.5499572785291944,-4.306099064874917,-8.578452584019884,-2.184182588126649
-10.5653613404692,-2.459678254411211,-3.6862794519891224,-3.531815519422084,-5.036234203942929,-6.726614775647132,-2.1492004908165754
-8.20718608103418,-2.4908885332209216,-3.7540382946182675,-3.3174270414054625,-4.220066378668504,-10.166823737174184,-1.9238295240960945
-10.27701980693758,-2.493063362356887,-3.693028791183873,-3.7082542967440757,-4.719981308960271,-7.464306943056636,-1.8237238728931744
-9.817198469158342,-2.4765298882128457,-3.803600633603655,-3.5329913069295884,-4.758944250842853,-13.29000880413841,-1.7698570906623465
-10.329203018020717,-2.523507126410313,-3.898184182359657,-3.6657495518190375,-4.18786420182898,-8.60779593901021,-1.8641912845341015
-9.326894616302436,-2.471257824215657,-3.6998518066079082,-3.501529184811413,-4.1921283010949395,-8.976886266347499,-2.0190850232982025
-11.434197339213934,-2.4722231682346605,-3.6635759572861817,-3.373779431971415,-4.270987677997821,-5.9857569821829495,-1.79194892465231
-9.048520868695457,-2.40954539280657,-3.673599579051838,-3.766163604690395,-5.1675167423956925,-7.506077643728135,-1.8896972214679626
-7.957494765944883,-2.4943260919032424,-3.64035989242603,-3.6094068181691332,-4.780682789952852,-11.702598815628367,-1.7904607458642978
-10.054791108992148,-2.494286819677726,-3.806278193561277,-3.578026594334956,-4.511060036028271,-8.790354554406303,-1.8728131191878346
-10.536995795971778,-2.5320279639015704,-3.6803113658276727,-3.408633651800212,-4.55861033730163,-8.318210358278602,-1.93137241895823
-8.481781501307616,-2.4253579225383266,-3.8291735171003682,-3.5760273061786894,-4.3985526332115885,-11.327869080542019,-1.8453973793178444
-9.507796742568765,-2.467232590490206,-3.6664839772843605,-3.4580964135389465,-4.355728494330028,-5.5939781160953554,-2.0173976708381662
-9.507312677561515,-2.4727090905687703,-3.8118513552350533,-3.511407543798452,-3.833256716293258,-11.400622244145865,-1.8335521075748038
-9.98376997553719,-2.421520905182085,-3.6085529988033276,-3.518602343923294,-3.970132260319388,-7.832767120141963,-1.8436574946712272
-12.947449932095195,-2.5193082533044824,-3.6944820476713804,-3.5698504940798834,-4.475702594071349,-6.439193540900003,-1.9073922975933684
-10.212344907832382,-2.469541726463352,-3.885445808992781,-3.5956530149865626,-4.22876804196013,-12.319311573006495,-1.8557564128102992
-9.999322089493178,-2.4662400388087313,-3.744143955181038,-3.5350512732730284,-4.256729196529813,-8.219381249099271,-1.8372324620974831
-8.7477021885975,-2.476554009007827,-3.6379351457445965,-3.446240709871801,-4.3483684433206875,-11.706290538911908,-1.782446573702325
-9.998119137837573,-2.485187086562088,-3.7835284074589235,-3.382808100514328,-4.44193415925899,-16.723426468492107,-1.986533821060672
-10.92031457747925,-2.493634535038992,-3.733039439375122,-3.5061278210648337,-4.3765106133982705,-7.052335329623041,-1.9103955481222217
-9.925190418322737,-2.4101272013584825,-3.730514333088698,-3.777858372423961,-4.423867198306009,-10.73817416027,-1.8241262247300156
-9.626543026514943,-2.479380004985974,-3.6196190185109405,-3.370081157213043,-4.680435454516256,-8.500316567656942,-1.8179452400537301
-9.368444938672921,-2.497204124666327,-3.6781072032691284,-3.5589496456089846,-4.9258546438315065,-5.150034035094901,-2.271463996071008
-12.582403848743917,-2.5122207983106435,-3.799140530322311,-3.4643234265781544,-4.399249194058407,-6.415134836955911,-1.9302877025756948
-9.845837897723081,-2.4785956725410196,-3.861679508522279,-3.3571077372325195,-4.016676962972493,-9.450598258206778,-1.9753956133587836
-10.252062470747605,-2.5940965407363255,-3.710682030676476,-3.3973724521504938,-4.47938974113398,-7.482213634520273,-2.1432284584065275
-10.528209678329006,-2.4660726258086014,-3.7501444236516517,-3.466499241511257,-3.8781550808727534,-9.685252534011532,-2.080525045190462
-10.023584473151779,-2.522570511539663,-3.818209835052773,-3.1597076147247707,-4.221248802525533,-8.239002299732924,-2.0439922313889807
-10.903116764004682,-2.4575342558071074,-3.677407994426403,-3.560106259018406,-4.256560640083369,-10.372337922256861,-1.7965129788285825
-10.508236621359089,-2.498442189029003,-3.7326512959212463,-3.937305772436993,-4.700982383783312,-13.002730552549028,-2.013344225200233
-9.061348183968356,-2.4634556153012888,-3.8067793547524387,-3.592527313679135,-4.310307057317008,-8.947163321641598,-1.8565793732273579
-8.709764786299981,-2.5084806649034825,-3.8612042266612443,-3.419273032606131,-4.24489777249277,-8.137327615700602,-2.0700434116416906
-10.106459588380392,-2.480920849123705,-3.762667087750473,-3.3918809309406748,-4.6412488621089905,-11.951313081865877,-1.8472075617460528
-10.525326438972872,-2.5076672575304144,-3.9419491248885175,-3.6290031883162284,-4.9360759668169525,-9.158547758629366,-2.132714931072019
-10.78853206718986,-2.5691793840719503,-3.872550885645227,-3.756307989496932,-4.511911422586125,-11.169120082536176,-1.781070010901846
-10.120156654587944,-2.502348234358813,-3.6850773925880853,-3.549789505335734,-4.712369582269028,-6.585640939004946,-1.8594145470068302
-10.26502580769125,-2.544042534188333,-3.78939104661887,-3.4790167942066432,-4.9751843277629595,-8.581941310103478,-2.2058959565924257
-10.03849635886112,-2.5344914604589066,-3.728732382378225,-3.3907230650843774,-4.751291285616839,-19.204557039891583,-1.828536659467899
-10.2534062747432,-2.5815901708797284,-3.8407581035998675,-3.3113474675780683,-4.166756781937183,-7.438324973200174,-1.9242116565002234
-8.97301733962161,-2.5000444488231377,-3.776856920243426,-3.5922414627920247,-4.16330531910074,-9.551958744974467,-1.8614813007604951
-8.535535438995966,-2.480892022777749,-3.8186844906488875,-3.454666766090396,-4.226052213497401,-9.272004356677964,-1.964725569887095
-9.630377672786029,-2.49580852961755,-3.6711873143051945,-3.334570012442353,-4.037838798327956,-7.535286564902284,-2.0004888495312745
-9.437879925829197,-2.4723907835787235,-3.6661835266194456,-3.295165958570457,-4.363088893732479,-10.014790390087857,-2.0508631403354145
-10.90454690609062,-2.456260689566718,-3.9329988727971283,-3.4836878047689104,-4.411141498248455,-8.81770338638043,-1.8950929619726724
-11.7832045302403,-2.4348925061642746,-3.720907729581132,-3.6927741405235204,-4.311595120092264,-16.6331947095464,-1.9917248678661492
-10.193996214601164,-2.519360114659775,-3.7345492022544837,-3.6919958933717356,-4.5805373773502644,-11.718340927936367,-1.8332901354219318
-9.500347077724415,-2.4950127203431682,-3.848987415514465,-3.5295912985082234,-4.473559890846005,-11.207299498640833,-1.7915779299916428
-9.086566152866002,-2.444645704023248,-3.681703444686143,-3.5230365760605413,-4.4421482161939325,-10.810122380062507,-1.8197623822318738
-10.350011652149455,-2.550926391072702,-3.744888711482309,-3.5331149227143372,-4.352052130725275,-6.948183336422872,-1.9652646492277905
-11.190103364729081,-2.502223315800002,-3.711369981561296,-3.695733183561723,-4.423996338316561,-11.61438289247341,-1.8298922724759639
-9.776140670599984,-2.4695827532599584,-3.8788766589421595,-3.4076229451387836,-4.288677556524323,-15.483326678200473,-1.9762973775588137
-9.338260600358321,-2.616140966200968,-3.8530633287978393,-3.571697889192773,-4.154617266236592,-19.205231960702733,-1.9256310323729773
-8.730453999968281,-2.4792903347866853,-3.7616236696990963,-3.6234751509483343,-4.943791987275753,-11.2142831887551,-2.1552817069371812
-9.213790289235492,-2.557901244043833,-3.860828773874898,-3.3610906903410322,-4.143709177191486,-6.961410670051212,-2.0760962656629443
-11.34731225826035,-2.490684558322881,-3.757230963065372,-3.582162844608403,-4.392491704247571,-8.720150632304195,-2.037487688369139
-9.665453758631998,-2.521373046007774,-3.877866465974423,-3.6134112377116816,-4.344817559734169,-10.629994365864908,-2.0642040020111505
-11.024137729176585,-2.4454586937045546,-3.559473730195209,-3.4509917028234565,-4.87172478304121,-12.092792865948603,-1.8776687121872626
-10.787617268312804,-2.5420681958352453,-3.698269781253873,-3.379236401060526,-3.8668558292550745,-12.444693904230004,-2.1208911924607246
-8.501140343306872,-2.5226251120732335,-3.607757488007628,-3.32810122541861,-3.896271291179706,-7.949837862390323,-1.9507684845357696
-9.868943830587753,-2.4804891799248328,-3.754702022489326,-3.5482410250762477,-4.828933284176086,-12.390634974138756,-1.8313848775670651
-10.31734216087121,-2.5719102332697377,-3.7487418803374597,-3.37298030148573,-3.900068237070272,-21.825721463485646,-1.7452814088596091
-9.485369610398166,-2.4760711634206993,-3.7513470934775426,-3.497021894947337,-4.119064835138827,-9.381297760009806,-2.054440139535987
-8.163054996801854,-2.5278650622984546,-3.8651447650190587,-3.561165885155052,-4.899892894754798,-6.57523157467963,-1.8897191520366536
-9.28614255783631,-2.5424749775724167,-3.9498310356936948,-3.6507284960827944,-3.954364251461155,-8.186941730118612,-1.8034175557782701
-9.556980600844732,-2.5001354629966936,-3.7278008432129446,-3.4300529803766002,-4.679791362220138,-8.908302466939798,-1.8790064636058266
-11.474777745254459,-2.4895120477211936,-3.741925304992062,-3.499631378352098,-4.231316543445834,-5.1930047246528765,-2.010205418782658
-9.859822264119746,-2.4901881730019326,-3.865501167343438,-3.496880057372961,-4.655863912881099,-7.066805093665279,-1.8627230440421387
-9.203474546867508,-2.491632888509959,-3.8158500055807103,-3.3607731845912756,-4.667349572231581,-7.0339106165849135,-1.9661885404291681
-10.095806778340066,-2.554744789683628,-3.897017239949,-3.3958358589349498,-4.939915650565554,-15.421220845275947,-1.907238093718214
-8.630833157329015,-2.5425198496988086,-3.9839075340591705,-3.2846572360677415,-4.127050925376013,-7.479127826270249,-2.1182407651577426
-9.19104523400939,-2.482827702940307,-3.803632302746097,-3.4648855931349005,-4.255901125717527,-6.51114168866242,-2.057480522811856
-9.536042641012592,-2.4880294768369686,-3.738350652254517,-3.495903764821874,-4.071311290044417,-6.986110145572652,-2.0883786804803686
-10.01024144889147,-2.4911484731450404,-3.698770677027215,-3.4784155367899166,-4.672154819195316,-6.909908862269411,-1.8201790978902734
-11.229440557458672,-2.514022146697743,-3.653582105501924,-3.759932337816282,-4.985510770430494,-7.430944674816176,-2.1857611785122373
-9.347523956214241,-2.515600757135067,-3.7209363624785343,-3.5014723684935682,-4.796511703116524,-7.614697561949606,-2.1322706240898457
-9.01533549515998,-2.501554475645915,-3.7815169969304927,-3.6411905211697424,-4.191755778455404,-6.532173634250006,-1.68755113516881
-10.38819120945602,-2.521880311220614,-3.97197630842506,-3.539558824938919,-4.05340299297098,-9.098511451949982,-1.8030463189415937
-8.973369867801805,-2.4872707361035546,-3.708330432226848,-3.58976904157116,-4.650077975850217,-7.900407817359098,-2.1284897581253244
-9.426235984967189,-2.4563765717504005,-3.7569589475554372,-3.4094465472118394,-4.362670889494565,-13.367549403615156,-1.9172629643942265
-10.49988165788502,-2.445883496459987,-3.8468110896379892,-3.3160019063520862,-4.282989982174289,-12.736713466299431,-2.005811443104695
-9.240668896441878,-2.5104788119113746,-3.7226436996219183,-3.2865896726023696,-4.752495757109216,-9.951518978738529,-1.92517218879361
-10.243822765126577,-2.5200315062765233,-3.6373681540492964,-3.495888878592429,-4.514043580147961,-9.166588267383155,-1.8067663288096267
-8.82589960760091,-2.5506883545030723,-3.8655792938481985,-3.5810172441098578,-4.256070177250582,-11.975061553468386,-1.9234431520752864
-10.50001134627054,-2.486435816944563,-3.6725693099947794,-3.4698058731638834,-4.029772067567119,-7.126198871885678,-2.0475722545003787
-9.44201350603645,-2.4933692552088877,-3.853194579596058,-3.4029373409645483,-4.5115572944779885,-7.451431897176766,-1.9295946451868673
-9.987257074976533,-2.4986590514034352,-3.826356049076593,-3.4916509785221312,-4.715296934389663,-10.870723767186877,-2.0453816746134397
-9.688373188256616,-2.5349693183706954,-3.8539748007253642,-3.525446468269828,-4.087886861578277,-9.013604089772285,-2.014298326613402
-9.077139976811784,-2.4908676370499085,-3.9451363443133807,-3.2702076917261627,-4.435508502866535,-7.299013008845438,-2.1696027086522043
-9.638151452666754,-2.5104873989260366,-3.8397639350740107,-3.596545239245806,-4.233190304175226,-7.836661328915884,-1.9970320006365592
-11.284875348113204,-2.4317574720891972,-3.847343844994711,-3.697031316717215,-4.282310106323427,-5.306233338616343,-2.2584955251538217
-8.988654940269061,-2.490097566796985,-3.7191405333524865,-3.6058761791595657,-4.414321872055709,-12.550976769336692,-1.935960906898671
-8.694898376993434,-2.4670341537619285,-3.9486540341285274,-3.473232449513001,-4.369916126706858,-8.525620266779452,-1.9177000474250043
-11.347406001494004,-2.458546388234296,-3.4553330176544144,-3.3446430866744365,-4.679521363515513,-13.78187446481395,-1.7897576591844875
-9.987745678939449,-2.5379703664961815,-3.614665838477553,-3.4314897250208003,-3.9193880201294364,-18.291807312092587,-1.9962299897646623
-10.729591881922682,-2.6113050330893763,-3.7273218755399453,-3.588863837262377,-3.6221533252970772,-5.818393636852525,-1.9479290967179566
-10.763084018502544,-2.5368601745367823,-3.7457650505804674,-3.668525147196166,-4.525617738812604,-10.146916750097796,-1.9183981884004084
-9.291674968549437,-2.4418229587098166,-3.8192590878243826,-3.3135909753436756,-4.542205501602667,-16.097447738095156,-1.9793548304616535
-9.143299637881906,-2.4694534286208776,-3.7576335317735077,-3.4088977974773247,-3.9383700526964884,-9.732874246146675,-2.168022694820235
-10.974405694365139,-2.489580309970254,-3.7669030456641366,-3.613117216441495,-4.6625356136012,-12.740486888738822,-1.8786274113933281
-9.56176785033649,-2.5183751221164465,-3.710288126104226,-3.4066787357312904,-4.209751158801971,-11.752562556119969,-1.9351219306325003
-10.388498242677112,-2.498729396325533,-3.9826184912909457,-3.3539055475507924,-3.7881773070303235,-8.464786486929173,-2.151749590831277
-11.346239271005985,-2.4896952598444475,-4.081140247934728,-3.621119696711565,-3.750614765816976,-18.721912609742365,-1.767408542649788
-11.80143912352317,-2.5355238883165345,-3.8649140934732937,-3.539041901486984,-4.957677242998394,-11.416505324855171,-1.999402819663958
-8.72907170220348,-2.5245661648456776,-3.7426311836879274,-3.13364520762718,-3.723163505272127,-9.195620675457576,-1.915680389307061
-8.681843429757851,-2.4699958925919026,-3.9084998349888145,-3.4836979327471607,-4.685287781835932,-6.938371770387903,-2.0964352437288047
-9.851958145986279,-2.404810183333745,-3.7018059493695343,-3.4381334987294054,-4.338842234064211,-8.852928146986969,-2.096697682522325
-9.505621095546584,-2.421385057431152,-3.8521291786499003,-3.409482341773945,-4.627076256177075,-13.126304197253596,-1.9396529221466539
-11.4005700021225,-2.4468237905027452,-3.6162914354761475,-3.6505477197483387,-4.267003380377084,-12.894932119100336,-1.65269416739214
-9.946921828360376,-2.549342271155943,-3.8149641361814535,-3.5486975674968146,-4.446850519938671,-8.934150325128762,-2.0601230554992407
-8.911669255412217,-2.513464157753708,-3.751024369076851,-3.340970979383652,-4.442205061191492,-8.065185960125357,-2.123581629046841
-8.991586031764434,-2.5034423331995366,-3.787012263558529,-3.61194670179994,-4.712280383387681,-8.828768810782872,-1.9587779913570007
-9.14708667391163,-2.506149419203511,-3.779849972276275,-3.306904292857424,-4.594812089196039,-8.485193795911474,-2.247569354130917
-8.593882196811943,-2.4663722509068258,-3.7232153121836644,-3.43723519308027,-4.817194606321388,-7.775251158765988,-2.1225210743776755
-9.886275152044051,-2.553538219995855,-3.872016049167134,-3.7394283289430836,-4.495669667872765,-8.752340518952042,-1.7441185928602794
-11.553160305315938,-2.5580706924057717,-3.8866181111190734,-3.4386523621858864,-4.143479450900877,-11.844303543475938,-2.008961526032298
-11.182528696571655,-2.487283210172688,-3.867449231454695,-3.8687553859252315,-4.806838112034413,-11.17737408574015,-1.9126663853580768
-9.527071038234242,-2.535349818745138,-3.9561684464581255,-3.2598215484740036,-4.261489452787039,-10.050160152798817,-1.9568691893599608
-9.643078389745911,-2.5230126408930342,-3.718665202662374,-3.583882214240504,-4.459686013154609,-5.8695458075743305,-1.9633611641590143
-8.235745953458206,-2.535546477221403,-3.6857388006526053,-3.376924881369133,-4.316201041753162,-6.784071347683458,-1.9641287170448767
-10.135998812428625,-2.4789840585375704,-3.7758825294171547,-3.563202551314774,-4.550116112737384,-6.8625800221337006,-2.162174375120866
-11.137206943444188,-2.428316817557593,-3.7725595900278277,-3.36584851957855,-4.425368577064489,-9.656630824624003,-1.914409173563643
-9.75619317582132,-2.503461555873436,-3.789310798987864,-3.5594643525890906,-4.444679499460566,-9.810372976512578,-2.0176420206402432
-9.324493962426304,-2.390130693008402,-3.7853034890953774,-3.62414524944056,-4.039995682108444,-9.871130544711267,-2.099005038666913
-12.208384416419285,-2.5144200549700075,-3.741631153695515,-3.500592672744995,-3.8387724883893166,-10.888373087903934,-1.9333435062508162
-9.06162819058618,-2.5684255035550048,-3.7830075237377567,-3.53165951038852,-4.017933973811399,-7.330596862307135,-1.9828936783372977
-8.931053812227331,-2.495320864748142,-3.6772243855064404,-3.6077586479121204,-4.599349696965236,-7.453648253126038,-2.1148583748467207
-9.738838886865954,-2.568673128568017,-3.8202391629274226,-3.421142570026136,-4.175739836342361,-7.7200210962100915,-1.7689224251906355
-10.808271904596424,-2.5433165255923167,-3.745939624905205,-3.3589058283355544,-4.118028750904042,-7.212142617948177,-2.1004726100786275
-9.638230162661156,-2.490525991564242,-3.7098071810332485,-3.6222931324096046,-4.822542511609891,-9.077024005715788,-1.7118756896975011
-10.718026052709678,-2.509739628614296,-3.7065796208181605,-3.4960000420631774,-5.122823366919273,-8.150789900801929,-1.8657105659777233
-8.9306932236121,-2.4785856142381646,-3.6419533865322453,-3.587280414231474,-4.96583399718328,-5.158895111651383,-2.006701786870377
-10.130410448252741,-2.5173870268020315,-3.8253281776934904,-3.3533144940529653,-4.6454918604827675,-8.103703581400282,-2.0243990469702853
-10.871059861606042,-2.5526288217325273,-3.8967618717188515,-3.1181006842013845,-3.494940062293204,-9.133487628300074,-2.161659717841369
-11.431839717741163,-2.5054896093268533,-3.6840183825041866,-3.6469595251393816,-5.052182621798807,-8.569381263047504,-1.9522078081347796
-9.629450628819562,-2.5264202929587958,-3.6822692040341236,-3.2899474890248355,-4.617007182557771,-13.237940783364987,-2.0358248742114116
-8.302283653145652,-2.5455283420793586,-3.800061009314464,-3.548086821927836,-4.448043247384077,-9.132482833223376,-2.0124771679695344
-10.743096947691566,-2.4361155098620526,-3.6386308816718125,-3.2218073099691438,-3.7960746388235793,-6.681116283301158,-2.0403997642287273
-9.08000798581243,-2.4635868544830424,-3.7373367686734715,-3.4411109344815327,-4.298347386752424,-7.698524717095477,-2.009833173871136
-8.915379795283295,-2.566662921417877,-3.6289184299429635,-3.5007596804733874,-4.715580447715246,-8.475718503286345,-2.0649280508884336
-10.092080967094782,-2.4537122339632504,-3.7155161375319166,-3.6493991878276173,-4.262383337715396,-10.56984005789922,-2.080047204038741
-8.36530426333669,-2.4973615454181406,-3.6918614143088586,-3.461747804832422,-4.974783572241675,-7.088707303275348,-1.9822012805166636
-8.490893109242347,-2.423764911224273,-4.0102050502278646,-3.4561997870590346,-4.696771369956766,-13.49591720531809,-2.074472607668514
-9.31891499848651,-2.5578975944113154,-3.7672415293335586,-3.3969823601134257,-3.9674824624451626,-10.900796052620588,-1.9486199576344507
-9.602863781124892,-2.5380332266076255,-3.7484857169276236,-3.4564701548775947,-4.221932007595084,-6.95231181499651,-2.052500054984592
-11.124190867319793,-2.496276887510928,-3.8938057668863926,-3.6560096298152436,-4.288405603617541,-8.245344946066776,-2.0172528408896855
-9.671726294590647,-2.482188601914805,-3.7753932321958894,-3.4802299753255603,-4.093903871927561,-6.290023610655231,-2.0819475062146755
-11.452069846270465,-2.613032443040816,-3.762275177418049,-3.345310184315914,-3.8670354952798887,-6.022987982020563,-1.908715584143471
-8.855208451054803,-2.6134296513562147,-3.85215580144132,-3.3967207870418217,-4.739205892182124,-9.270517823337975,-2.059843194892402
-10.47362598447229,-2.5799998870877823,-3.8180398502391997,-3.414722027134715,-4.771134903213533,-7.106908679512054,-2.04019941893503
-9.562924789584848,-2.5023946096292478,-3.6774154295718904,-3.5939681060403554,-4.82064905556865,-7.430350976925144,-2.136863005463408
-10.689790296076412,-2.571616144847167,-3.8545860538329135,-3.4677233620799677,-4.424615119876234,-10.605318260291885,-1.7553131226502767
-9.795382378821014,-2.525885746894584,-3.950416678968102,-3.6934983074123364,-4.561413741532769,-22.053142739854454,-2.052401619114728
-10.827568658935357,-2.4937334707900867,-3.739664939236877,-3.4177601112577025,-4.080142774068419,-8.806459816572081,-2.1396016009213383
-8.74924325757791,-2.5315820274272527,-3.6731080507102116,-3.467486143502015,-4.842026984840078,-7.645735755923429,-2.100536940010888
-10.986510871696312,-2.4957210157081633,-3.8644917105536107,-3.48490283772007,-4.409405793262915,-8.152346373147207,-2.1192112621698653
-10.21486948322759,-2.569383593519949,-3.7915728028560527,-3.529047816524364,-4.140356407086352,-10.232484888680776,-2.3174762944743823
-8.218548002157233,-2.4758017256747413,-3.772220703923122,-3.5457052370697055,-4.403941651656287,-12.197698118183038,-1.9578165947873525
-8.58431835675,-2.4848555834647965,-3.6842331691091585,-3.5743817851987805,-3.9228141016480738,-9.667277748045773,-1.9137750853314457
-10.99175112728929,-2.569134191286475,-3.750291004077199,-3.5596681592746515,-4.6702793451680495,-16.904694937407804,-2.1003760117176897
-10.960411058709308,-2.440587463953144,-3.6486642388938426,-3.6452854155601306,-4.245821684748249,-13.501577246582723,-1.9400441786114746
-9.066153194071681,-2.562459295090069,-3.7400926078801957,-3.2645585362557124,-4.295807204645336,-7.1896696320223565,-1.9265707421976175
-10.927566848194793,-2.53181334517041,-3.781352089694688,-3.6617087796885075,-4.050999805293262,-12.560785369995365,-1.9826472106988369
-10.73578801722605,-2.5099469283510927,-3.714190104260497,-3.7324038574787184,-4.227382160685078,-5.982616922362972,-2.0816193147037536
-10.640181262750637,-2.4532210913194143,-3.790281588677843,-3.466725867302042,-4.706393657785935,-8.29559312670655,-2.090684672180386
-13.029837047027588,-2.458207100773561,-3.656492002533285,-3.390396016587893,-4.238565686194452,-13.213155900412534,-1.948779895098651
-9.115051843616111,-2.5743458670746238,-3.8062732404474238,-3.5738088948540203,-4.5716223632586726,-6.314791657514638,-2.1362907016185124
-9.739621167243413,-2.487483280181709,-3.7562105311654714,-3.3149747697948864,-4.597056332208732,-16.24034494217837,-1.911005695541196
-9.246159897694188,-2.4467152601087183,-3.564566907209353,-3.502083762958308,-4.1698032337056095,-11.114637842530051,-2.22251561430483
-9.417846625312322,-2.4919726778888847,-3.7691344606034827,-3.2747605295749986,-4.704180956416403,-9.021409432770898,-1.875582799745263
-9.583026880605047,-2.472351406140299,-3.5337099443171827,-3.4813184018400944,-4.804799910307894,-11.74858905953964,-1.8509904868992189
-10.697743584074198,-2.4757565496051823,-3.6848401528317494,-3.541342699011498,-4.455648652334256,-11.326022673636967,-1.756606531008684
-9.367395875323048,-2.462601964838094,-3.6708892101077923,-3.2443902701502463,-4.261434375204153,-6.456773862559462,-2.028400103706004
-9.955853892953591,-2.5083560493634,-3.7509084471263083,-3.4506242760461157,-4.043739598261066,-7.943831648645701,-1.7981797790338858
-9.613380226717652,-2.437437658323332,-3.686270317532286,-3.7142016456358373,-4.617802939601962,-9.847879173627046,-2.0569281618349295
-10.194363420461148,-2.4948109608959985,-3.736037680830476,-3.2223837788992777,-4.621939169444795,-8.801366254335656,-1.9207759145312417
-12.79914396491495,-2.5242620994655525,-3.7864426018156205,-3.5844341781667404,-3.7015759623687767,-12.338235107304113,-1.9436229268260712
-8.425784576182458,-2.5315500767306167,-3.716756047150848,-3.7910798434414392,-4.093706601644568,-19.366621019468013,-1.9129164613686513
-10.051335062226396,-2.5453371222655203,-3.7181360627435254,-3.4885702201428135,-4.256791273547274,-10.75099611887027,-2.022593045987448
-9.319416990966523,-2.5143835004078254,-3.8194561809125616,-3.4865340847856814,-4.442165514702127,-10.874786987744066,-1.982886517316204
-10.115078238168,-2.4974650559488576,-3.872428322023992,-3.604652093850795,-3.96766212655099,-10.542653301023195,-1.990255979952944
-10.037549580413122,-2.4529012744129055,-3.8846248266579573,-3.6347221637798484,-4.657634199344411,-11.00770556756118,-1.7786335065803136
-8.128164467199618,-2.520147810952553,-3.846766897311853,-3.530587990147337,-4.092129313908058,-6.609290623580876,-1.9520242829371692
-9.15046626977123,-2.477512269855623,-3.653052692419273,-3.4632990833489625,-4.530687784365154,-8.100405283814572,-1.9535499402757774
